price,PoolArea,GarageCars,Fireplaces,TotRmsAbvGrd,Baths,SqFeet,CentralAir,Age,LotSize,BldgType,HouseStyle,condition
208.5,0,2,0,8,3,1710,Y,5,8450,1Fam,2Story,5
140,0,3,1,7,1,1717,Y,91,9550,1Fam,2Story,5
250,0,3,1,9,3,2198,Y,8,14260,1Fam,2Story,5
143,0,2,0,5,2,1362,Y,16,14115,1Fam,1.5Fin,5
307,0,2,1,7,2,1694,Y,3,10084,1Fam,1Story,5
129.9,0,2,2,8,2,1774,Y,77,6120,1Fam,1.5Fin,5
118,0,1,2,5,1,1077,Y,69,7420,2fmCon,1.5Unf,6
129.5,0,1,0,5,1,1040,Y,43,11200,1Fam,1Story,5
345,0,3,2,11,3,2324,Y,1,11924,1Fam,2Story,5
144,0,1,0,4,1,912,Y,46,12968,1Fam,1Story,6
279.5,0,3,1,7,2,1494,Y,1,10652,1Fam,1Story,5
157,0,1,1,5,2,1253,Y,48,10920,1Fam,1Story,5
132,0,2,0,5,1,854,Y,78,6120,1Fam,1.5Unf,8
90,0,2,0,6,2,1296,Y,39,10791,Duplex,1Story,5
159,0,2,0,6,2,1114,Y,4,13695,1Fam,1Story,5
139,0,1,0,6,1,1339,Y,51,7560,1Fam,1Story,6
325.3,0,3,1,9,4,2376,Y,1,14215,1Fam,2Story,5
139.4,0,1,1,6,1,1108,Y,77,7449,1Fam,1.5Unf,7
230,0,2,1,7,2,1795,Y,6,9742,1Fam,1Story,5
129.9,0,2,1,6,1,1060,Y,31,4224,TwnhsE,1Story,7
256.3,0,3,1,7,2,1600,Y,2,14230,1Fam,1Story,5
207.5,0,1,2,6,1,1600,Y,49,16321,1Fam,1Story,6
68.5,0,1,0,4,1,520,N,81,6324,1Fam,1Story,6
40,0,1,0,6,1,1317,N,88,8500,1Fam,2Story,4
149.35,0,1,0,6,2,1228,Y,42,8544,1Fam,1Story,6
179.9,0,2,0,7,2,1234,Y,1,11049,1Fam,1Story,5
165.5,0,2,1,6,2,1700,Y,51,10552,1Fam,1Story,5
277.5,0,2,1,6,2,1561,Y,2,7313,TwnhsE,1Story,5
309,0,3,1,9,4,2452,Y,2,13418,1Fam,2Story,5
145,0,2,0,6,2,1097,Y,15,10859,1Fam,1Story,5
153,0,2,1,5,1,1297,Y,55,8532,1Fam,1Story,6
109,0,1,0,5,1,1057,Y,57,7922,1Fam,1Story,7
82,0,0,0,6,2,1152,N,53,6040,Duplex,1Story,5
160,0,2,1,6,2,1324,Y,41,8658,1Fam,1Story,5
170,0,1,2,5,2,1328,Y,48,16905,1Fam,1Story,6
130.25,0,1,0,5,1,938,Y,33,9200,1Fam,1Story,6
141,0,1,0,6,1,1150,Y,47,7945,1Fam,1Story,6
319.9,0,2,1,6,2,1752,Y,5,7658,TwnhsE,1Story,5
239.686,0,2,1,6,2,2149,Y,6,12822,1Fam,1.5Fin,5
249.7,0,3,0,7,2,1656,Y,1,11096,1Fam,1Story,5
113,0,0,0,8,2,1452,Y,89,4456,2fmCon,2Story,5
127,0,1,0,6,1,955,Y,41,7742,1Fam,1Story,7
114.5,0,2,1,6,1,1176,Y,72,6240,1Fam,1.5Fin,6
110,0,2,0,5,1,816,N,47,8472,Duplex,1Story,5
130,0,2,1,6,1,1360,Y,52,7134,1Fam,SLvl,5
180.5,0,2,1,7,2,1425,Y,44,10175,1Fam,1Story,5
172.5,0,2,0,7,3,1739,Y,10,2645,Twnhs,2Story,5
438.78,0,3,1,10,4,2945,Y,0,13682,1Fam,2Story,5
124.9,0,1,0,4,1,780,Y,36,7200,1Fam,1Story,7
158,0,2,0,5,2,1158,Y,2,13072,1Fam,1Story,5
101,0,1,0,6,1,1111,N,87,7200,1Fam,2.5Unf,7
202.5,0,2,1,6,2,1370,Y,1,6442,TwnhsE,1Story,5
140,0,2,0,9,2,1710,Y,89,10300,1Fam,2Story,6
219.5,0,2,0,8,3,2034,Y,12,9375,1Fam,2Story,5
317,0,3,1,9,3,2473,Y,3,9591,1Fam,2Story,5
180,0,2,1,7,2,2207,Y,40,19900,1Fam,1Story,5
226,0,2,0,7,2,1479,Y,4,10665,1Fam,1Story,5
225,0,2,1,7,2,2287,Y,53,15593,1Fam,1.5Fin,4
244,0,2,2,8,2,2223,Y,34,13651,1Fam,1Story,6
144.9,0,2,0,6,1,1086,Y,56,10200,1Fam,1Story,7
107.4,0,1,0,8,2,1605,N,95,5790,1Fam,2Story,6
91,0,1,0,5,1,988,Y,36,1596,Twnhs,SLvl,5
135.75,0,1,0,4,1,952,Y,52,8475,1Fam,1Story,7
127,0,1,0,6,1,1285,Y,60,8635,1Fam,1.5Fin,5
110,0,2,0,5,2,1230,Y,99,10440,1Fam,2Story,6
193.5,0,1,1,8,3,2142,Y,41,13000,1Fam,2Story,6
153.5,0,2,0,5,2,1337,Y,8,4500,TwnhsE,1Story,5
245,0,3,1,6,2,1563,Y,1,10206,1Fam,1Story,5
126.5,0,2,0,6,2,1065,Y,47,8892,1Fam,1Story,5
168.5,0,2,1,7,3,1474,Y,14,8530,1Fam,SLvl,5
260,0,2,1,9,3,2417,Y,15,16059,1Fam,2Story,5
174,0,2,1,6,3,1560,Y,4,11911,1Fam,2Story,5
164.5,0,2,0,4,3,1224,Y,0,3951,TwnhsE,2Story,5
85,0,0,0,6,1,1526,N,94,8470,1Fam,1.5Fin,2
109.9,0,2,0,4,1,1040,Y,56,7200,1Fam,1Story,5
163.5,0,2,0,5,1,964,Y,88,13360,1Fam,1Story,7
133.9,0,2,1,9,2,2291,N,97,7200,2fmCon,2.5Unf,6
204.75,0,2,0,7,3,1786,Y,10,9337,1Fam,2Story,5
185,0,2,1,6,3,1470,Y,16,9765,1Fam,2Story,8
214,0,2,0,6,2,1588,Y,7,10264,1Fam,1Story,5
94.75,0,1,0,6,1,960,Y,42,10921,1Fam,1Story,5
205,0,2,2,6,2,1610,Y,33,10603,1Fam,1Story,7
178,0,2,1,7,3,1732,Y,25,9206,1Fam,2Story,5
118.964,0,2,0,8,2,1535,Y,30,7018,Duplex,1Story,5
198.9,0,3,0,6,2,1226,Y,1,10402,1Fam,1Story,5
169.5,0,1,2,7,2,1818,Y,76,7758,1Fam,1.5Fin,4
250,0,2,1,9,3,1992,Y,5,9375,1Fam,2Story,5
100,0,1,0,6,1,1047,Y,122,10800,1Fam,1Story,7
115,0,1,0,5,1,789,Y,60,6000,1Fam,1Story,5
115,0,0,0,7,2,1517,N,88,8500,1Fam,1.5Fin,7
190,0,2,1,7,2,1844,Y,33,11751,1Fam,1Story,6
136.9,0,1,0,7,2,1855,Y,52,9525,1Fam,1.5Fin,4
180,0,2,1,7,3,1430,Y,10,7750,1Fam,SLvl,5
383.97,0,3,1,10,3,2696,Y,0,9965,1Fam,2Story,5
217,0,2,2,7,2,2259,Y,54,21000,1Fam,1Story,5
259.5,0,1,1,9,3,2320,Y,62,7259,1Fam,2Story,8
176,0,2,1,5,3,1458,Y,8,3230,TwnhsE,2Story,5
139,0,1,1,6,1,1092,Y,47,11616,1Fam,1Story,5
163.99,0,2,1,8,3,1456,Y,1,8461,1Fam,2Story,5
180,0,2,2,4,1,988,Y,37,21453,1Fam,SLvl,5
100,0,1,0,4,1,1123,Y,68,6060,1Fam,1.5Fin,5
136,0,1,0,5,1,1080,Y,50,9464,1Fam,1Story,7
153.9,0,2,0,5,2,1199,Y,15,7892,TwnhsE,1Story,5
84.5,0,0,0,5,1,754,N,71,6780,2fmCon,1.5Fin,8
155,0,2,1,6,2,1348,Y,40,7590,1Fam,2Story,5
226,0,2,2,8,3,2157,Y,40,14200,1Fam,2Story,6
244,0,2,1,7,3,2054,Y,9,12224,1Fam,2Story,5
150.75,0,2,0,7,1,1327,Y,48,7388,1Fam,1Story,6
220,0,2,0,6,2,1296,Y,8,6853,1Fam,1Story,5
180,0,2,1,7,3,1721,Y,38,10335,1Fam,1Story,6
174,0,2,1,7,2,1682,Y,38,10400,1Fam,1Story,6
143,0,1,1,5,2,1214,Y,40,10355,1Fam,1Story,5
171,0,3,0,9,3,1959,Y,18,11070,Duplex,1Story,5
230,0,3,2,7,3,1852,Y,9,9066,1Fam,2Story,5
231.5,0,2,0,7,3,1764,Y,12,15426,1Fam,2Story,5
115,0,0,1,5,1,864,Y,39,10500,1Fam,1Story,5
260,0,2,0,7,2,1734,Y,1,11645,1Fam,1Story,5
166,0,2,0,6,2,1385,Y,58,8520,1Fam,1.5Fin,4
204,0,2,0,6,2,1501,Y,10,10335,1Fam,1Story,5
125,0,2,0,10,2,1728,Y,43,9100,Duplex,1Story,5
105,0,1,0,5,1,875,Y,78,6120,1Fam,1Story,7
141,0,0,0,6,1,1080,Y,4,7500,1Fam,1Story,5
115,0,1,0,7,1,1344,Y,70,6240,1Fam,1.5Fin,4
122,0,2,0,5,2,969,Y,32,10356,1Fam,1Story,6
372.402,0,3,1,6,2,1710,Y,1,13891,1Fam,1Story,5
190,0,2,1,8,3,1993,Y,35,14803,1Fam,2Story,5
235,0,2,1,4,1,1252,Y,48,13500,1Fam,1Story,7
79,0,0,0,5,1,1096,N,84,9600,1Fam,1.5Fin,5
109.5,0,2,0,5,1,1040,Y,56,7200,1Fam,1Story,7
269.5,0,3,1,8,3,1968,Y,1,12003,1Fam,2Story,5
254.9,0,2,1,8,3,1947,Y,6,12552,1Fam,2Story,5
320,0,2,1,9,3,2462,Y,1,19378,1Fam,2Story,5
162.5,0,2,0,6,2,1232,Y,24,11120,1Fam,1Story,6
412.5,0,3,2,10,3,2668,Y,5,13688,1Fam,2Story,5
220,0,2,1,7,2,1541,Y,5,12182,1Fam,1Story,5
103.2,0,0,0,4,1,882,Y,51,5500,1Fam,1.5Unf,6
152,0,1,0,5,2,1616,Y,81,5400,1Fam,1Story,7
127.5,0,0,0,6,2,1355,Y,68,10106,2fmCon,1.5Fin,7
190,0,1,3,7,1,1867,Y,54,10708,1Fam,1Story,5
325.624,0,3,1,8,2,2161,Y,0,10562,1Fam,2Story,5
183.5,0,2,1,7,3,1720,Y,3,8244,1Fam,2Story,5
228,0,2,1,6,3,1707,Y,25,16669,1Fam,1Story,6
128.5,0,2,0,7,2,1382,Y,66,12358,1Fam,1.5Fin,6
215,0,2,2,7,1,1656,Y,50,31770,1Fam,1Story,5
239,0,2,1,5,2,1767,Y,19,5306,TwnhsE,2Story,7
163,0,2,1,6,2,1362,Y,47,10197,1Fam,1Story,5
184,0,2,1,7,2,1651,Y,22,12416,1Fam,1Story,5
211,0,2,1,8,3,2060,Y,19,10029,1Fam,2Story,5
172.5,0,2,1,8,2,1920,Y,48,13650,1Fam,1.5Fin,5
501.837,0,3,1,9,2,2234,Y,1,17423,1Fam,1Story,5
100,0,2,0,5,1,968,Y,84,8520,1Fam,1Story,6
177,0,2,1,5,3,1525,Y,7,2117,Twnhs,2Story,5
200.1,0,1,1,9,2,1802,Y,86,7588,1Fam,2Story,6
200,0,2,0,6,3,2082,Y,5,11426,1Fam,1.5Fin,5
475,0,3,2,12,3,3608,Y,114,22950,1Fam,2.5Fin,9
173,0,2,0,6,2,1217,Y,19,9947,1Fam,SLvl,5
286,0,2,1,5,2,1593,Y,7,4923,TwnhsE,1Story,5
315,0,2,2,10,3,2727,Y,75,10570,1Fam,2Story,8
184,0,2,0,7,2,1479,Y,35,7472,1Fam,2Story,9
192,0,2,0,6,2,1431,Y,10,9017,1Fam,1Story,5
130,0,2,0,7,2,1709,Y,2,2522,Twnhs,2Story,5
127,0,1,0,5,1,864,Y,36,7180,1Fam,1Story,7
148.5,0,2,1,7,3,1456,Y,33,2280,Twnhs,2Story,6
311.872,0,3,1,8,2,1726,Y,0,9416,1Fam,1Story,5
235,512,2,1,8,2,3112,Y,88,25419,1Fam,2Story,4
104,0,0,0,8,1,2229,Y,97,5520,1Fam,2.5Fin,6
274.9,0,3,1,7,2,1713,Y,5,9591,1Fam,1Story,5
140,0,2,0,5,2,1121,Y,7,8546,1Fam,1Story,5
171.5,0,2,2,6,2,1279,Y,31,10125,1Fam,1Story,6
112,0,1,0,6,2,1310,Y,82,7000,1Fam,1.5Fin,6
149,0,2,1,3,1,848,Y,4,4438,TwnhsE,1Story,5
110,0,1,0,5,2,1284,Y,62,3500,1Fam,1.5Fin,7
141,0,1,1,6,1,1100,Y,48,12493,1Fam,1Story,5
277,0,2,1,7,3,2062,Y,19,14364,1Fam,2Story,5
145,0,2,0,6,1,1092,Y,44,8250,1Fam,1Story,7
98,0,0,0,5,1,864,N,83,5604,1Fam,1Story,6
161.75,0,1,0,6,2,1392,Y,33,10900,1Fam,2Story,7
134.45,0,1,1,6,1,1236,Y,49,10011,1Fam,1Story,6
210,0,2,0,8,2,1436,Y,4,8450,1Fam,1Story,5
107,0,1,0,8,1,1328,N,81,9906,1Fam,2Story,4
311.5,0,2,2,8,2,1954,Y,69,15660,1Fam,1.5Fin,9
167.24,0,2,0,5,2,1248,Y,1,3010,TwnhsE,1Story,5
204.9,0,2,0,5,2,1498,Y,0,8990,1Fam,1Story,5
200,0,2,1,8,3,2267,Y,7,8068,1Fam,2Story,5
179.9,0,2,1,6,3,1552,Y,31,11475,1Fam,2Story,6
386.25,0,3,1,8,2,2392,Y,6,13472,1Fam,1Story,5
112,0,1,0,6,3,1302,Y,38,1680,Twnhs,2Story,5
125,0,1,1,5,1,912,Y,43,8521,1Fam,1Story,5
192.5,0,2,1,7,2,1555,Y,4,3182,TwnhsE,1Story,5
403,0,3,1,9,3,2794,Y,14,15138,1Fam,2Story,5
94.5,0,1,1,5,2,987,Y,34,1680,Twnhs,2Story,5
89.5,0,1,0,5,2,987,Y,37,1680,TwnhsE,2Story,3
185.5,0,2,0,6,2,1414,Y,6,8773,1Fam,1Story,5
194.5,0,2,0,7,3,1744,Y,17,9453,1Fam,2Story,7
262.5,0,2,0,7,2,1566,Y,2,9000,1Fam,1Story,5
110.5,0,0,0,4,1,866,Y,62,3880,1Fam,1Story,9
120,0,1,1,6,2,1217,Y,29,10762,TwnhsE,2Story,6
205,0,2,2,8,3,2110,Y,16,8880,1Fam,2Story,5
241.5,0,2,1,6,2,1872,Y,18,10400,1Fam,1Story,5
137,0,1,0,9,2,1928,N,96,9142,2fmCon,2Story,8
180,0,2,0,8,3,1668,Y,4,11317,1Fam,2Story,5
277,0,2,2,7,2,2144,Y,49,159000,1Fam,1.5Fin,7
76.5,0,0,0,6,1,1306,Y,70,5350,1Fam,1Story,2
235,0,2,1,5,2,1625,Y,1,4750,TwnhsE,1Story,5
173,0,2,0,6,3,1640,Y,4,8366,1Fam,2Story,5
158,0,1,0,7,2,1302,Y,43,9350,1Fam,SLvl,7
145,0,1,0,5,1,1314,Y,53,8400,1Fam,1Story,6
230,0,2,1,8,3,2291,Y,7,8738,1Fam,2Story,5
207.5,0,2,0,7,3,1728,Y,5,8791,1Fam,2Story,5
220,0,2,1,8,3,1604,Y,3,8814,1Fam,1Story,5
231.5,0,2,1,7,3,1792,Y,7,12435,1Fam,2Story,5
151,0,2,1,6,1,1212,Y,29,8471,1Fam,SLvl,7
130,0,2,0,6,1,1316,Y,81,5500,1Fam,1.5Fin,7
175.5,0,2,1,7,2,1422,Y,27,12090,1Fam,1Story,6
185,0,2,1,8,3,1511,Y,9,11207,1Fam,2Story,5
179.5,0,1,1,8,3,2192,Y,69,8400,1Fam,2.5Fin,8
148,0,1,1,6,2,1113,Y,31,7917,1Fam,1Story,7
266,0,3,1,8,3,1939,Y,0,10728,1Fam,2Story,5
290,0,3,1,9,3,2270,Y,11,11764,1Fam,2Story,7
124.5,0,1,0,5,1,816,Y,25,8314,1Fam,1Story,7
205,0,2,0,5,3,1548,N,84,7264,1Fam,1.5Fin,7
201,0,2,0,7,2,1560,Y,7,9196,1Fam,1Story,5
141,0,2,0,4,1,864,Y,59,19138,1Fam,1Story,5
415.298,0,3,1,8,3,2121,Y,1,14450,1Fam,1Story,5
192,0,2,1,8,3,2022,Y,31,10005,1Fam,2Story,5
185,0,2,0,5,2,1262,Y,0,7200,1Fam,1Story,5
207.5,0,2,1,6,2,1314,Y,2,5063,Twnhs,1Story,5
244.6,0,3,1,6,2,1468,Y,1,9612,1Fam,1Story,5
179.2,0,2,0,5,2,1575,Y,15,8012,TwnhsE,1Story,5
164.7,0,2,0,5,3,1250,Y,1,4251,TwnhsE,2Story,5
88,0,0,0,5,1,858,Y,35,8125,1Fam,1Story,4
122,0,1,0,5,1,900,Y,43,9819,1Fam,1Story,5
153.575,0,1,0,7,1,1396,Y,92,8730,1Fam,2Story,7
233.23,0,2,1,8,3,1919,Y,0,15611,1Fam,2Story,5
135.9,0,0,0,9,2,1716,N,96,5687,2fmCon,2Story,6
131,0,1,1,8,2,1716,Y,60,11409,1Fam,1.5Fin,4
235,0,2,1,9,3,2263,Y,29,16659,1Fam,2Story,7
142.5,0,2,0,6,1,1003,Y,22,7937,1Fam,SLvl,6
152,0,1,0,6,2,1558,Y,57,13710,1Fam,1.5Fin,5
239,0,2,1,7,3,1950,Y,10,7399,1Fam,2Story,5
158.5,0,1,1,6,1,1152,Y,59,14000,1Fam,1Story,8
157,0,1,2,5,1,1336,Y,53,15750,2fmCon,1Story,5
267,0,2,1,9,3,2452,Y,9,16226,1Fam,2Story,5
205,0,3,1,6,2,1541,Y,5,13704,1Fam,1Story,5
149.9,0,2,0,5,1,894,Y,34,9800,1Fam,1Story,7
295,0,3,1,10,3,3493,Y,128,18386,1Fam,2.5Fin,9
305.9,0,3,0,8,2,2000,Y,3,10386,1Fam,1Story,5
225,0,3,1,8,3,2243,Y,17,13474,1Fam,2Story,5
89.5,0,0,0,6,1,1406,Y,88,7920,1Fam,1.5Fin,7
82.5,0,2,0,4,1,861,Y,69,12342,1Fam,1Story,5
360,0,3,3,8,2,1944,Y,3,12378,1Fam,1Story,5
165.6,0,2,1,6,3,1501,Y,13,7685,1Fam,2Story,5
132,0,1,1,5,1,972,Y,61,8000,1Fam,1Story,6
375,0,2,2,8,2,2036,Y,44,215245,1Fam,1Story,5
178,0,2,1,6,2,1641,Y,81,9600,1Fam,2Story,7
188.5,0,2,1,6,3,1432,Y,5,7795,1Fam,2Story,5
270,0,3,1,8,3,1959,Y,1,9000,1Fam,2Story,5
187.5,0,2,2,6,2,1472,Y,29,14115,1Fam,SLvl,5
342.643,0,3,0,9,4,2596,Y,0,16259,1Fam,2Story,5
354,0,3,1,10,3,2468,Y,3,12099,1Fam,2Story,5
301,0,2,1,8,3,2730,Y,21,10380,1Fam,2Story,5
126.175,0,1,0,6,1,1163,Y,51,5820,1Fam,1Story,8
87,0,2,0,5,1,803,N,66,5000,1Fam,1.5Unf,6
324,0,2,2,6,2,1719,Y,15,10846,TwnhsE,1Story,5
145.25,0,1,0,7,2,1383,Y,46,11600,1Fam,1Story,5
78,0,1,0,6,1,1192,N,89,6402,1Fam,2Story,5
119,0,1,0,10,2,1728,Y,43,10624,Duplex,1Story,4
139,0,1,0,6,1,1056,Y,49,8176,1Fam,1Story,6
192,0,2,2,7,3,1638,Y,10,9042,1Fam,2Story,5
228.95,0,2,2,7,2,1786,Y,43,164660,2fmCon,1.5Fin,6
377.426,0,3,1,8,2,1922,Y,2,14157,1Fam,1Story,5
214,0,2,0,7,2,1536,Y,6,9135,1Fam,1Story,5
155,0,1,0,6,1,1215,Y,51,12400,1Fam,1Story,7
202.9,0,2,0,9,3,1908,Y,8,14191,1Fam,2Story,5
82,0,1,0,4,1,841,Y,59,8400,1Fam,1Story,4
266,0,2,1,6,2,1684,Y,3,8849,TwnhsE,1Story,5
140.2,0,1,1,6,1,1577,Y,67,6435,1Fam,1.5Fin,5
151.5,0,1,0,5,1,958,Y,47,12772,1Fam,1Story,8
157.5,0,2,2,6,2,1478,Y,49,17600,1Fam,1Story,5
154,0,2,0,6,3,1626,Y,5,2448,Twnhs,2Story,5
437.154,0,3,2,10,3,2728,Y,1,20431,1Fam,2Story,5
318.061,0,2,1,6,2,1869,Y,0,7820,TwnhsE,1Story,5
190,0,2,1,6,2,1453,Y,20,5271,1Fam,1Story,5
95,0,1,0,5,1,1111,N,67,9084,1Fam,1.5Fin,6
105.9,0,2,0,5,1,720,Y,82,8520,1Fam,1Story,8
140,0,1,2,6,1,1595,Y,66,8400,1Fam,1.5Fin,5
177.5,0,2,0,6,2,1200,Y,12,11249,1Fam,1Story,5
173,0,2,0,6,2,1167,Y,17,9248,1Fam,1Story,6
130,0,1,0,6,1,1352,Y,48,6930,1Fam,SLvl,4
280,0,2,1,7,3,1924,Y,8,12011,1Fam,2Story,5
145,0,1,0,8,1,1505,Y,68,9144,1Fam,1.5Fin,5
118,0,1,0,5,2,987,Y,37,1680,Twnhs,2Story,8
147,0,1,0,6,1,1344,Y,89,10690,1Fam,2Story,7
159,0,2,2,6,2,1394,Y,46,9500,1Fam,1Story,5
165,0,1,1,6,1,1431,Y,46,9150,1Fam,SLvl,5
132,0,1,1,7,1,1268,Y,56,7800,1Fam,1Story,6
162,0,2,1,7,1,1287,Y,51,9830,1Fam,1Story,7
172.4,0,2,1,7,3,1664,Y,6,8121,1Fam,2Story,5
134.432,0,2,1,7,2,1588,Y,49,17120,1Fam,1.5Fin,4
125,0,1,0,4,1,752,Y,26,7175,TwnhsE,1Story,5
219.5,0,2,1,8,3,1928,Y,4,8200,1Fam,2Story,5
61,0,0,0,4,1,904,N,87,10020,1Fam,1Story,1
148,0,2,0,5,1,914,Y,10,8846,1Fam,SFoyer,5
340,0,2,1,8,3,2466,Y,3,11143,1Fam,2Story,5
394.432,0,3,1,8,2,1856,Y,0,11394,1Fam,1Story,2
187.75,0,2,1,5,2,1301,Y,0,7200,1Fam,1Story,5
213.5,0,2,0,8,3,1797,Y,1,9245,1Fam,2Story,5
76,0,2,0,5,1,784,N,81,9000,1Fam,1.5Unf,3
192,0,2,1,6,2,1269,Y,6,3182,TwnhsE,1Story,5
125,0,1,1,6,1,1125,Y,33,7200,1Fam,SLvl,6
191,0,2,0,6,2,1479,Y,9,9382,1Fam,1Story,5
426,0,3,1,9,3,2332,Y,1,12474,1Fam,2Story,5
119,0,1,0,7,1,1367,Y,108,8405,1Fam,1.5Fin,8
106.5,0,1,0,5,1,882,Y,48,8339,1Fam,1Story,7
109,0,1,0,5,1,1034,Y,67,10134,1Fam,1.5Fin,6
129,0,1,0,6,1,1144,Y,54,9571,1Fam,1Story,6
169.5,0,1,1,8,2,1812,Y,45,7590,1Fam,2Story,5
67,0,1,0,6,1,1077,Y,87,8967,1Fam,1Story,2
241,0,2,0,7,2,1550,Y,3,8125,1Fam,2Story,5
245.5,0,2,2,4,2,1288,Y,12,14963,TwnhsE,1Story,5
164.99,0,2,1,6,2,1310,Y,1,8767,1Fam,1Story,5
108,0,1,0,4,1,672,Y,68,10200,1Fam,1Story,8
168,0,2,1,7,3,1572,Y,12,10364,1Fam,2Story,5
150,0,2,1,8,2,1620,Y,33,9991,1Fam,1Story,4
115,0,1,0,6,1,1639,Y,72,10480,1Fam,1.5Fin,5
177,0,1,0,8,2,1680,Y,93,15576,1Fam,2Story,7
280,0,3,1,9,3,2172,Y,1,14154,1Fam,2Story,5
339.75,0,3,1,8,3,2078,Y,1,10800,1Fam,2Story,5
60,0,1,0,5,1,1276,Y,51,9571,1Fam,1Story,3
145,0,2,0,5,1,1056,N,51,34650,2fmCon,1Story,5
222,0,2,1,7,3,1478,Y,1,4403,1Fam,1Story,5
228,0,3,1,9,3,2097,Y,15,11228,1Fam,2Story,5
181.134,0,2,0,6,2,1340,Y,0,8899,1Fam,1Story,5
149.5,0,2,1,6,2,1400,Y,28,7844,1Fam,2Story,7
239,0,3,1,10,3,2624,N,89,22420,1Fam,2Story,6
142,0,1,1,6,1,1056,Y,42,8450,1Fam,1Story,6
206.3,0,4,0,8,2,1344,Y,11,7060,Duplex,SFoyer,5
215,0,2,1,8,2,1602,Y,32,16635,1Fam,1Story,7
315,0,3,1,8,3,2630,Y,10,9200,1Fam,2Story,5
139,0,1,1,6,1,1196,Y,52,9000,1Fam,1Story,5
135,0,1,2,6,2,1389,Y,63,3378,1Fam,2Story,8
109.008,0,1,0,5,1,907,Y,51,8593,1Fam,1Story,6
175,0,2,1,6,2,1412,Y,21,11457,1Fam,1Story,5
85.4,0,1,0,4,2,987,Y,37,1680,Twnhs,2Story,5
122.5,0,2,0,6,2,1365,Y,36,1920,TwnhsE,2Story,5
181,0,2,1,7,3,1604,Y,11,10839,1Fam,2Story,5
81,0,0,0,3,1,630,Y,36,1890,Twnhs,SFoyer,7
212,0,2,1,6,3,1661,Y,13,10667,1Fam,2Story,6
116,0,2,0,6,1,1118,Y,86,4400,1Fam,1.5Fin,8
119,0,1,0,4,1,904,Y,83,6000,1Fam,1.5Unf,7
90.35,0,1,1,4,1,694,N,94,4280,1Fam,1Story,6
110,0,2,0,7,1,1196,Y,89,12354,1Fam,1.5Fin,8
555,0,3,2,10,2,2402,Y,1,15431,1Fam,1Story,5
162.9,0,2,1,8,2,1573,Y,78,6240,1Fam,1.5Fin,7
172.5,0,3,1,6,2,1258,Y,1,3922,TwnhsE,1Story,5
210,0,2,1,8,3,1908,Y,14,8750,1Fam,2Story,5
127.5,0,2,1,7,1,1689,Y,53,9855,1Fam,1Story,5
190,0,2,1,6,3,1888,Y,44,16492,1Fam,1Story,6
119.5,0,1,1,7,2,1376,Y,69,8600,1Fam,1.5Fin,6
120,0,1,0,6,2,1183,Y,59,6000,1Fam,1.5Fin,7
110,0,1,0,5,1,813,Y,76,5684,1Fam,1Story,8
280,0,2,2,5,2,1533,Y,31,70761,1Fam,1Story,5
204,0,2,0,7,3,1756,Y,11,9303,1Fam,2Story,5
210,0,2,0,6,3,1590,Y,1,9000,1Fam,2Story,5
188,0,2,0,8,2,1728,Y,30,9297,Duplex,1Story,5
175.5,0,2,1,6,2,1242,Y,34,9600,1Fam,1Story,6
256,0,2,2,6,1,1663,Y,54,53227,1Fam,1Story,6
161,0,1,1,7,1,1666,Y,83,5100,1Fam,2Story,7
110,0,1,1,5,1,1203,Y,59,7015,1Fam,1.5Fin,4
263.435,0,2,0,8,3,1935,Y,0,8004,1Fam,2Story,5
155,0,2,0,6,1,1135,Y,73,7200,1Fam,2Story,9
62.383,0,1,1,5,1,864,Y,44,8281,1Fam,1Story,5
188.7,0,1,1,6,2,1660,Y,74,11988,1Fam,2Story,7
124,0,0,0,5,2,1040,Y,31,8430,1Fam,1Story,5
167,0,2,1,5,1,1277,Y,37,10628,1Fam,1Story,5
250,0,3,1,7,2,1634,Y,1,11428,1Fam,1Story,5
187,0,2,0,7,3,1710,Y,15,9291,1Fam,2Story,5
212,0,2,0,4,2,1502,Y,25,6820,TwnhsE,1Story,5
190,0,2,1,8,3,1969,Y,30,11952,1Fam,2Story,6
148,0,2,0,5,1,1072,Y,3,3675,TwnhsE,SLvl,5
251,0,2,0,6,2,1652,Y,7,5330,TwnhsE,1Story,5
132.5,0,2,0,5,1,970,Y,44,8480,1Fam,1Story,6
208.9,0,2,1,7,2,1493,Y,11,13125,1Fam,1Story,5
380,0,3,1,9,3,2643,Y,1,13693,1Fam,2Story,5
297,0,3,1,7,2,1718,Y,2,10637,1Fam,1Story,5
89.471,0,2,0,7,1,1131,Y,70,5925,1Fam,1Story,7
326,0,3,1,8,2,1850,Y,2,16033,1Fam,1Story,5
374,0,3,1,6,2,1792,Y,3,11846,1Fam,1Story,5
155,0,1,1,7,2,1826,Y,94,2500,1Fam,2Story,8
164,0,2,0,5,2,1216,Y,8,4500,Twnhs,1Story,5
132.5,0,1,0,6,1,999,Y,45,7758,1Fam,1Story,7
147,0,1,1,5,1,1113,Y,59,9600,1Fam,1Story,7
156,0,2,0,6,2,1073,Y,42,10289,1Fam,1Story,7
175,0,2,1,7,2,1484,Y,36,12243,1Fam,1Story,6
160,0,2,1,10,2,2414,N,106,10800,2fmCon,1.5Fin,4
86,0,1,0,3,1,630,Y,39,1526,Twnhs,SFoyer,8
133,0,1,2,5,1,1578,Y,65,9490,1Fam,1.5Fin,7
172.785,0,2,0,8,3,1456,Y,0,15578,1Fam,2Story,5
155,0,1,1,6,2,1269,Y,48,7931,1Fam,1Story,6
91.3,0,1,0,4,1,886,Y,71,5784,1Fam,1Story,8
184,0,1,0,8,2,1820,Y,83,9120,1Fam,1.5Fin,6
120,0,1,0,5,1,912,Y,49,7535,1Fam,1Story,7
113,0,1,0,7,2,1218,Y,34,1890,Twnhs,2Story,5
226.7,0,2,0,7,3,1768,Y,3,9803,1Fam,2Story,5
140,0,2,0,6,1,1214,Y,42,9170,1Fam,1Story,7
289,0,2,2,6,2,1801,Y,51,15602,1Fam,1Story,8
147,0,2,1,6,3,1322,Y,35,2308,TwnhsE,2Story,5
124.5,0,2,0,10,2,1960,Y,57,7596,Duplex,2Story,5
215,0,2,1,8,3,1911,Y,13,9554,1Fam,2Story,5
161,0,2,1,7,2,1378,Y,80,9600,1Fam,2Story,9
164.9,0,1,2,6,1,1363,Y,58,14559,1Fam,1Story,7
129.9,0,2,0,5,1,864,Y,48,9100,1Fam,1Story,5
134,0,2,0,5,2,1080,Y,24,9187,1Fam,1Story,5
96.5,0,1,0,5,1,789,N,81,10594,1Fam,1.5Unf,5
265,0,3,1,7,3,2344,Y,13,10208,1Fam,2Story,5
211,0,2,0,7,3,1796,Y,9,9531,1Fam,2Story,5
234,0,1,2,9,2,2080,Y,83,10918,1Fam,2Story,9
106.25,0,0,0,7,2,1294,N,108,10800,2fmCon,2Story,7
150,0,1,2,6,2,1244,Y,50,11988,1Fam,1Story,6
159,0,2,2,7,2,1664,Y,59,5000,1Fam,1.5Fin,7
184.75,0,3,1,11,4,4676,Y,0,40094,1Fam,2Story,5
315.75,0,3,1,8,3,2398,Y,11,11787,1Fam,2Story,5
176,0,2,1,6,2,1266,Y,1,7500,1Fam,1Story,5
132,0,1,0,4,1,928,Y,51,13300,1Fam,1Story,7
446.261,0,3,1,11,3,2713,Y,0,14948,1Fam,2Story,5
86,0,0,0,5,1,605,Y,87,9098,1Fam,1Story,7
200.624,0,2,2,9,3,2515,Y,50,32668,1Fam,1Story,3
175,0,2,1,5,2,1509,Y,20,10200,1Fam,SLvl,5
128,0,2,0,6,2,1362,Y,88,6155,1Fam,2Story,8
107.5,0,1,1,5,1,827,Y,55,7200,1Fam,1Story,7
178,0,2,1,6,3,1414,Y,2,9056,1Fam,2Story,5
107.5,0,0,0,5,1,1347,Y,98,7000,2fmCon,2Story,7
111.25,0,2,0,5,1,864,Y,36,12735,1Fam,1Story,5
272,0,2,1,6,2,1601,Y,9,11423,1Fam,1Story,5
315,0,3,1,8,2,1838,Y,3,14601,1Fam,1Story,5
248,0,3,1,8,3,2285,Y,7,11000,1Fam,2Story,5
213.25,0,2,1,7,2,1680,Y,11,10140,1Fam,1Story,5
133,0,1,0,4,1,767,Y,9,4058,TwnhsE,SFoyer,5
179.665,0,2,1,7,3,1496,Y,0,17104,1Fam,2Story,5
229,0,3,0,9,3,2183,Y,18,13837,1Fam,1.5Fin,5
210,0,2,1,6,2,1635,Y,84,8737,1Fam,1.5Fin,7
129.5,0,2,0,5,1,768,Y,37,7244,1Fam,SFoyer,7
125,0,2,0,4,1,825,Y,53,8235,1Fam,1Story,7
263,0,2,1,8,3,2094,Y,6,9375,1Fam,2Story,5
140,0,2,0,4,2,1069,Y,31,4043,TwnhsE,1Story,6
112.5,0,1,0,5,1,928,Y,51,6000,1Fam,1Story,6
255.5,0,3,1,7,2,1717,Y,3,11146,1Fam,1Story,5
108,0,2,0,5,2,1126,Y,60,8777,1Fam,1Story,5
284,0,3,1,8,3,2046,Y,5,10625,1Fam,2Story,5
113,0,1,1,5,1,1048,Y,84,6380,1Fam,1.5Unf,6
141,0,1,1,6,1,1092,Y,49,14850,1Fam,1Story,5
108,0,1,0,7,2,1336,Y,86,11040,1Fam,1.5Fin,6
175,0,2,1,6,3,1446,Y,12,21872,1Fam,2Story,5
234,0,2,1,7,2,1557,Y,3,3196,TwnhsE,1Story,5
170,0,2,1,6,1,1389,Y,32,10010,1Fam,1Story,5
108,0,0,1,6,1,996,Y,68,13907,1Fam,1Story,6
268,0,2,1,9,3,2295,Y,14,13346,1Fam,2Story,5
128,0,1,0,6,2,1647,N,95,6858,1Fam,2Story,4
325,0,3,1,11,3,2504,Y,3,11198,1Fam,2Story,5
214,0,2,0,7,2,1535,Y,6,10171,1Fam,1Story,5
316.6,0,2,1,5,2,2132,Y,26,12327,1Fam,1.5Fin,8
135.96,0,2,2,4,1,943,Y,27,7032,Duplex,SFoyer,5
142.6,0,2,0,10,2,1728,Y,43,13101,Duplex,1Story,5
120,0,1,0,4,1,864,Y,47,7332,1Fam,1Story,6
224.5,0,2,0,6,3,1692,Y,0,13159,1Fam,2Story,5
170,0,2,1,8,3,1430,Y,7,9967,1Fam,SLvl,5
118.5,0,1,0,6,1,1216,Y,61,8480,1Fam,1.5Fin,5
145,0,1,1,6,2,1477,Y,81,6292,1Fam,1.5Fin,7
164.5,0,2,2,6,1,1320,Y,40,11777,1Fam,SLvl,6
146,0,2,0,5,2,1392,Y,1,3604,TwnhsE,2Story,5
131.5,0,1,0,7,2,1795,N,54,12150,1Fam,1.5Fin,5
181.9,0,2,2,7,1,1429,Y,47,14585,1Fam,1Story,6
253.293,0,3,1,8,3,2042,Y,1,12704,1Fam,1Story,5
118.5,0,0,0,5,1,816,Y,17,11841,Duplex,SFoyer,5
325,0,2,1,9,4,2775,Y,115,13500,1Fam,2.5Unf,9
133,0,1,0,6,1,1573,Y,74,6120,1Fam,1.5Fin,7
130,0,1,0,5,1,838,Y,90,10267,1Fam,1Story,7
143,0,1,2,5,1,1473,Y,41,25095,1Fam,1Story,8
79.5,0,1,0,4,1,935,Y,78,9100,1Fam,1Story,6
185.9,0,2,0,6,3,1582,Y,4,8320,1Fam,2Story,5
451.95,0,3,1,10,3,2296,Y,1,13478,1Fam,2Story,5
138,0,2,0,4,1,816,Y,26,6600,1Fam,1Story,8
140,0,2,0,4,1,848,Y,6,4435,TwnhsE,1Story,5
110,0,1,0,5,1,924,Y,33,7990,1Fam,1Story,6
319,0,3,1,7,2,1826,Y,1,11302,1Fam,1Story,5
114.504,0,1,0,7,1,1368,N,96,3600,1Fam,2Story,7
194.201,0,3,1,7,2,1402,Y,1,3922,TwnhsE,1Story,5
217.5,0,2,1,7,2,1647,Y,29,12984,1Fam,1Story,6
151,0,2,1,6,3,1556,Y,28,1950,Twnhs,2Story,6
275,0,2,1,8,3,1904,Y,1,10927,1Fam,2Story,5
141,0,1,1,6,2,1375,Y,70,9000,1Fam,1.5Fin,6
220,0,2,1,8,3,1915,Y,14,10041,1Fam,2Story,5
151,0,2,0,4,3,1200,Y,6,3182,TwnhsE,2Story,5
152,0,2,0,6,1,1040,Y,13,12464,1Fam,1Story,5
225,0,1,0,8,3,2008,Y,58,7800,1Fam,2Story,8
313,0,3,2,8,3,2153,Y,9,11050,1Fam,2Story,5
148,0,2,1,6,2,1032,Y,29,10395,1Fam,SLvl,6
261.5,0,2,1,7,3,1872,Y,8,11885,1Fam,2Story,5
147,0,0,0,6,1,1120,Y,0,8402,1Fam,1Story,5
75.5,0,0,0,3,1,630,Y,38,1491,TwnhsE,SFoyer,6
183.2,0,2,1,7,3,1509,Y,4,7861,1Fam,2Story,5
105.5,0,2,0,4,1,832,Y,54,7227,1Fam,1.5Unf,6
314.813,0,3,1,9,2,1828,Y,0,11694,1Fam,1Story,5
305,0,3,2,10,3,2262,Y,5,12244,1Fam,2Story,5
67,0,0,0,5,1,864,N,94,8248,1Fam,1Story,3
135,0,2,0,6,1,980,Y,32,7064,1Fam,1Story,6
165.15,0,2,1,8,3,1790,Y,34,10400,1Fam,2Story,5
160,0,2,0,5,2,1116,Y,48,10000,1Fam,1Story,6
135,0,2,2,9,3,2080,Y,38,11606,1Fam,2Story,5
168.5,0,2,0,6,2,1350,Y,44,9020,1Fam,SLvl,5
209.5,0,2,1,6,2,1554,Y,1,4590,Twnhs,1Story,5
82.5,0,2,1,6,2,1411,Y,32,11900,1Fam,1Story,5
139.4,0,1,0,6,1,1056,Y,53,9250,1Fam,1Story,7
144,0,2,0,4,0,1056,Y,30,6979,Duplex,SFoyer,5
200,0,0,0,14,2,3395,Y,93,10896,2fmCon,2.5Fin,7
60,0,0,1,4,1,800,N,73,6120,1Fam,1Story,3
85,0,0,0,4,1,796,Y,98,8777,1Fam,1Story,7
264.561,0,3,1,7,2,1567,Y,0,3982,TwnhsE,1Story,5
226,0,2,1,7,3,1929,Y,6,7050,1Fam,2Story,5
345,0,2,3,9,3,2704,Y,37,13860,1Fam,SLvl,7
152,0,2,0,7,3,1620,Y,38,10793,1Fam,2Story,5
370.878,0,3,1,7,3,1766,Y,0,9187,1Fam,1Story,5
143.25,0,2,0,5,2,981,Y,36,10530,1Fam,1Story,5
98.3,0,2,0,7,1,1048,Y,58,7200,1Fam,1Story,5
155,0,2,2,5,1,1094,Y,55,10452,1Fam,1Story,5
155,0,2,1,7,2,1839,Y,44,7700,1Fam,2Story,5
84.5,0,0,0,3,1,630,Y,37,1936,Twnhs,SFoyer,6
205.95,0,2,0,7,3,1665,Y,1,8125,1Fam,2Story,6
108,0,1,1,7,1,1510,Y,69,9084,1Fam,2Story,5
191,0,2,1,7,3,1716,Y,13,8750,1Fam,2Story,5
135,0,1,0,7,1,1469,Y,102,10320,1Fam,1.5Fin,7
350,0,3,1,7,3,2113,Y,13,10437,1Fam,1Story,6
88,0,1,0,6,2,1092,Y,39,1680,Twnhs,2Story,5
145.5,0,1,0,5,2,1053,Y,49,10007,1Fam,1Story,7
149,0,1,1,6,2,1502,Y,77,7200,1Fam,2Story,6
97.5,0,1,1,6,1,1458,Y,62,17503,1Fam,1.5Fin,5
167,0,2,0,7,1,1486,Y,45,9937,1Fam,1Story,7
197.9,0,2,1,7,3,1935,Y,31,12384,1Fam,2Story,7
402,0,3,1,8,3,2448,Y,15,46589,1Fam,2Story,7
110,0,2,2,5,1,1392,Y,41,13560,1Fam,1Story,3
137.5,0,2,0,6,2,1181,Y,36,10012,1Fam,SFoyer,5
230.5,0,2,1,7,3,1936,Y,6,11194,1Fam,2Story,5
193.5,0,2,1,7,2,1679,Y,14,8125,1Fam,1Story,5
168,0,2,1,6,2,1437,Y,50,14175,1Fam,1Story,6
137.5,0,1,1,5,1,1180,Y,84,11600,1Fam,1Story,5
103.6,0,1,0,6,2,1369,N,84,6629,1Fam,2Story,6
165,0,2,1,6,2,1208,Y,29,11250,1Fam,1Story,6
257.5,0,2,2,7,2,1839,Y,50,14442,1Fam,1Story,7
87,0,3,0,8,2,1774,N,106,9600,1Fam,2Story,2
109.5,0,1,0,5,1,792,Y,85,9022,1Fam,1Story,8
372.5,0,3,1,7,3,2046,Y,1,11844,1Fam,1Story,5
128.5,0,2,0,5,1,988,Y,46,9945,1Fam,1Story,5
143,0,1,1,5,2,923,Y,30,8012,TwnhsE,1Story,5
159.434,0,1,0,6,1,1520,Y,77,4500,1Fam,1.5Fin,5
173,0,2,1,6,1,1291,Y,12,2887,1Fam,1Story,5
285,0,3,1,7,2,1668,Y,5,11248,1Fam,1Story,5
221,0,2,0,7,3,1839,Y,12,16770,1Fam,2Story,5
207.5,0,2,1,6,2,2090,Y,23,5062,TwnhsE,2Story,5
227.875,0,2,0,7,3,1761,Y,0,10207,1Fam,2Story,6
148.8,0,2,0,4,3,1102,Y,3,5105,TwnhsE,2Story,5
392,0,2,1,7,2,1419,Y,0,8089,1Fam,1Story,6
194.7,0,2,1,6,2,1362,Y,2,7577,TwnhsE,1Story,5
141,0,2,1,3,1,848,Y,4,4426,TwnhsE,1Story,5
755,0,3,2,10,4,4316,Y,13,21535,1Fam,2Story,6
335,0,2,2,9,3,2519,Y,17,26178,1Fam,2Story,5
108.48,0,1,0,4,1,1073,Y,85,5400,1Fam,1Story,6
141.5,0,2,0,5,2,1539,Y,73,6120,1Fam,1.5Fin,6
176,0,2,1,5,2,1137,Y,19,13811,1Fam,1Story,6
123.5,0,1,0,6,1,1148,Y,54,6420,1Fam,1Story,7
196,0,2,0,5,2,1391,Y,4,4282,TwnhsE,1Story,5
140,0,2,1,8,2,1812,Y,110,7630,2fmCon,2Story,9
213,0,2,0,7,2,1484,Y,6,8400,1Fam,1Story,5
55,0,0,0,7,2,1092,N,80,5600,2fmCon,2Story,5
302,0,2,2,5,2,1824,Y,36,115149,1Fam,1Story,5
254,0,2,1,6,2,1324,Y,3,6240,TwnhsE,1Story,5
179.54,0,2,1,8,3,1456,Y,0,9018,1Fam,2Story,5
109.9,0,1,0,6,1,904,Y,42,7162,1Fam,1Story,7
52,0,0,0,5,1,729,Y,73,4130,1Fam,1Story,6
102.776,0,1,0,7,1,1178,Y,110,8712,1Fam,1.5Fin,7
189,0,2,1,5,2,1228,Y,20,4671,TwnhsE,1Story,5
129,0,2,0,6,1,960,N,36,9873,2fmCon,1Story,5
159.5,0,2,0,8,2,2554,Y,117,10800,1Fam,2Story,8
341,0,3,1,9,3,2418,Y,15,10542,1Fam,2Story,5
128.5,0,1,1,5,2,971,Y,37,9920,1Fam,1Story,6
275,0,2,1,5,2,1742,Y,21,6563,1Fam,1Story,5
143,0,2,0,3,1,848,Y,6,4426,TwnhsE,1Story,5
124.5,0,2,0,5,1,864,Y,39,8120,1Fam,1Story,7
320,0,3,1,8,2,1698,Y,2,13286,1Fam,1Story,5
120.5,0,2,0,5,1,864,Y,39,6960,1Fam,1Story,6
222,0,2,1,5,2,1680,Y,21,21695,1Fam,1Story,9
110,0,3,0,9,2,1776,Y,51,11475,Duplex,1Story,5
103,0,2,0,5,1,1208,Y,84,6240,1Fam,1.5Fin,5
236.5,0,2,1,5,2,1616,Y,15,5389,TwnhsE,1Story,5
222.5,0,2,1,8,3,2031,Y,10,11404,1Fam,2Story,5
131.4,0,1,1,6,1,1144,Y,48,10000,1Fam,1Story,6
108,0,1,0,6,1,948,Y,39,8978,1Fam,1Story,5
163,0,2,2,6,2,1768,N,92,10800,1Fam,2.5Unf,7
239.9,0,3,1,8,3,1801,Y,1,10463,1Fam,2Story,5
179,0,0,0,5,3,1200,Y,22,10800,Duplex,1Story,5
190,0,2,0,7,3,1728,Y,5,9313,1Fam,2Story,5
132,0,2,0,7,2,1432,Y,97,9600,1Fam,2Story,7
142,0,1,0,5,1,912,Y,47,6768,1Fam,1Story,8
175,0,2,1,6,2,1464,Y,46,12886,1Fam,SLvl,6
180,0,2,1,5,2,1337,Y,15,5395,TwnhsE,1Story,5
299.8,0,2,2,11,4,2715,Y,32,8963,1Fam,2Story,9
236,0,2,1,8,3,2256,Y,9,8795,1Fam,2Story,5
260.4,0,2,1,7,2,1720,Y,14,10593,1Fam,1Story,5
98,0,1,0,9,2,1529,N,64,8405,1Fam,1.5Fin,3
96.5,0,0,0,7,1,1140,Y,100,8800,1Fam,1.5Fin,7
162,0,2,0,6,3,1320,Y,4,7750,1Fam,2Story,5
217,0,2,0,6,2,1494,Y,9,9236,1Fam,1Story,5
172.5,0,2,0,6,3,1471,Y,10,3230,TwnhsE,2Story,5
212,0,2,0,7,3,1768,Y,2,10769,1Fam,2Story,5
179.4,0,2,0,6,3,1501,Y,9,2280,Twnhs,2Story,5
290,0,3,1,9,3,2531,Y,12,12257,1Fam,2Story,5
127.5,0,1,0,5,1,864,Y,50,9100,1Fam,1Story,6
100,0,2,0,5,1,1301,Y,85,6911,1Fam,1Story,5
215.2,0,2,0,7,3,1547,Y,1,8640,1Fam,2Story,5
337,0,3,1,8,3,2365,Y,10,9430,1Fam,2Story,5
270,0,2,1,6,2,1494,Y,11,9549,TwnhsE,1Story,5
264.132,0,2,1,6,2,1506,Y,0,14587,1Fam,1Story,5
160,0,1,0,7,2,1750,Y,68,12508,1Fam,1.5Fin,7
216.837,0,2,1,8,2,1836,Y,2,9100,1Fam,1Story,5
538,0,3,1,12,4,3279,Y,7,53504,1Fam,2Story,5
134.9,0,2,0,5,1,858,Y,27,7252,1Fam,SFoyer,5
102,0,2,0,6,1,1220,Y,55,8877,1Fam,1Story,5
107,0,2,1,6,1,1117,Y,34,7819,1Fam,SLvl,5
114.5,0,1,0,5,1,912,Y,49,10150,1Fam,1Story,5
395,0,3,1,9,2,1973,Y,1,14226,1Fam,1Story,5
162,0,2,0,5,2,1204,Y,11,4500,TwnhsE,1Story,5
221.5,0,3,0,7,2,1614,Y,1,11210,1Fam,1Story,5
142.5,0,2,1,5,1,894,Y,32,13350,1Fam,1Story,5
144,0,2,2,10,2,2020,Y,30,8400,Duplex,1Story,5
135,0,2,0,4,1,1004,Y,29,10530,Duplex,SFoyer,5
175.9,0,2,0,7,3,1603,Y,14,7153,1Fam,2Story,5
187.1,0,2,0,6,2,1430,Y,8,16285,1Fam,1Story,5
128,0,0,1,9,2,1484,Y,94,6300,1Fam,2.5Unf,6
161.5,0,2,1,7,2,1342,Y,42,9790,1Fam,1Story,5
139,0,1,0,7,2,1652,Y,95,10800,1Fam,1.5Fin,6
233,0,2,0,8,3,2084,Y,6,10142,1Fam,2Story,5
107.9,0,1,0,4,1,901,Y,54,6000,1Fam,1Story,7
187.5,0,2,0,9,3,2087,Y,41,12205,1Fam,2Story,8
160.2,0,2,1,5,2,1145,Y,4,3182,TwnhsE,1Story,5
146.8,0,2,2,5,1,1062,Y,31,11333,1Fam,SLvl,5
269.79,0,2,1,8,3,2013,Y,11,9920,1Fam,2Story,5
225,0,2,0,7,2,1496,Y,0,9158,1Fam,1Story,5
194.5,0,2,1,7,3,1895,Y,14,10832,1Fam,2Story,5
143.5,0,2,1,7,2,1285,Y,30,8197,1Fam,1Story,5
110,0,1,0,4,1,773,Y,55,7677,1Fam,1Story,5
485,0,3,2,11,4,3140,Y,1,13518,1Fam,2Story,5
175,0,1,2,7,2,1768,Y,70,7200,1Fam,1.5Fin,7
200,0,2,0,8,3,1688,Y,11,12798,1Fam,2Story,5
189,0,2,1,7,3,1456,Y,3,8199,1Fam,2Story,5
582.933,0,3,1,12,4,2822,Y,1,13891,1Fam,2Story,5
118,0,1,0,5,1,1128,Y,52,9000,1Fam,1Story,5
227.68,0,2,0,6,2,1428,Y,0,12274,1Fam,1Story,5
135.5,0,1,0,6,2,980,Y,39,9750,1Fam,SLvl,5
223.5,0,2,1,6,2,1576,Y,86,21384,1Fam,2Story,6
181,648,2,1,5,2,1309,Y,32,10140,1Fam,1Story,6
144.5,0,2,1,4,1,848,Y,4,4438,TwnhsE,1Story,5
55.993,0,2,0,4,1,1044,N,58,8712,1Fam,1Story,5
116,0,1,0,7,2,1250,Y,88,8248,1Fam,1.5Fin,7
224.9,0,2,0,6,2,1661,Y,12,12137,1Fam,1Story,5
137,0,1,1,4,1,1008,Y,52,11425,1Fam,1Story,6
271,0,3,2,7,2,1689,Y,6,13265,1Fam,1Story,5
155,0,2,0,6,1,1052,Y,39,8816,1Fam,SLvl,7
224,0,2,1,6,2,1358,Y,1,6371,TwnhsE,1Story,5
232.6,0,2,1,7,2,1489,Y,0,11216,1Fam,1Story,5
109.5,0,0,0,5,1,784,Y,84,6130,1Fam,1.5Unf,6
185,0,2,0,7,3,2126,Y,42,28698,1Fam,2Story,5
147.4,0,2,0,4,3,1223,Y,1,2544,Twnhs,2Story,5
166,0,2,2,6,2,1392,Y,51,11900,1Fam,1Story,5
151,0,2,0,4,3,1200,Y,1,3180,TwnhsE,2Story,5
237,0,2,1,7,3,1829,Y,7,9548,1Fam,2Story,6
139.95,0,2,0,6,1,1144,Y,47,7875,1Fam,1Story,6
128,0,2,0,4,2,1067,Y,60,9600,1Fam,1Story,7
153.5,0,2,0,5,1,1559,Y,59,8100,1Fam,1Story,6
100,0,1,0,5,2,987,Y,35,1680,Twnhs,2Story,5
144,0,1,0,6,2,1099,Y,13,9525,1Fam,1Story,6
130.5,0,1,0,6,1,1200,Y,62,11767,1Fam,1.5Fin,6
140,0,1,0,7,2,1482,N,83,12155,1Fam,2Story,8
171,0,2,2,6,2,1701,Y,32,16647,1Fam,SFoyer,5
187,0,2,1,7,3,1855,Y,31,9600,1Fam,SLvl,7
131.5,0,2,0,3,1,848,Y,4,4435,TwnhsE,1Story,5
215,0,2,1,7,2,1456,Y,3,3196,TwnhsE,1Story,5
158,0,2,1,7,2,1445,Y,45,12095,1Fam,SLvl,6
170,0,2,1,6,2,1779,Y,51,17920,1Fam,1Story,4
127,0,1,0,6,2,1040,Y,48,6897,1Fam,1Story,8
147,0,2,0,5,1,1026,Y,30,10970,1Fam,SLvl,6
174,0,2,1,6,3,1481,Y,15,8125,1Fam,2Story,5
152,0,2,1,6,2,1370,Y,33,10400,1Fam,1Story,5
250,0,2,1,9,3,2654,Y,38,11029,1Fam,2Story,7
189.95,0,1,1,7,2,1426,Y,89,7642,1Fam,1.5Fin,8
152,0,2,0,6,2,1097,Y,26,9672,1Fam,1Story,5
132.5,0,1,0,6,1,1148,Y,50,7931,1Fam,1Story,5
250.58,0,2,0,6,2,1372,Y,1,8640,1Fam,1Story,5
148.5,0,2,0,5,1,1002,Y,39,8750,1Fam,1Story,6
129,0,2,0,5,2,1120,Y,46,6970,1Fam,1Story,5
169,0,2,1,7,2,2320,Y,58,14762,1Fam,2Story,6
236,0,2,1,8,3,1949,Y,17,9938,1Fam,2Story,5
200.5,0,2,0,7,3,1682,Y,12,8750,1Fam,2Story,5
116,0,2,0,5,1,910,Y,55,8892,1Fam,1Story,7
133,0,1,1,6,1,1268,Y,60,12144,1Fam,1Story,7
66.5,0,1,0,5,2,1131,Y,68,5720,1Fam,1.5Fin,6
303.477,0,2,1,11,3,2610,Y,0,9000,1Fam,2Story,5
132.25,0,2,0,5,1,1040,Y,44,25286,1Fam,1Story,5
350,0,3,1,10,3,2224,Y,5,8834,1Fam,2Story,5
148,0,2,0,6,1,1155,Y,49,11782,1Fam,SFoyer,7
157,0,2,0,5,2,1090,Y,2,7024,1Fam,1Story,5
187.5,0,2,1,7,3,1717,Y,17,13758,1Fam,1.5Fin,5
178,0,2,1,7,3,1593,Y,17,9636,1Fam,2Story,5
118.5,0,1,0,10,1,2230,N,94,6204,1Fam,2.5Fin,5
328.9,0,2,1,5,2,1709,Y,9,5119,TwnhsE,1Story,5
145,0,2,0,8,2,1712,Y,47,8393,Duplex,1Story,5
135.5,0,1,0,8,2,1393,Y,53,16466,1Fam,1.5Fin,7
149.5,0,2,1,6,1,1505,Y,56,12160,1Fam,1Story,4
122.9,0,2,1,6,1,924,Y,58,8064,1Fam,1.5Fin,7
172.5,0,2,1,7,3,1683,Y,31,11184,1Fam,2Story,5
154.5,0,1,0,6,1,1068,Y,43,8414,1Fam,1Story,8
165,0,1,1,6,1,1383,Y,54,13284,1Fam,1Story,5
118.858,0,2,0,8,2,1535,Y,30,7018,Duplex,1Story,5
106.5,0,1,0,6,1,951,N,70,8765,1Fam,1Story,6
611.657,0,3,2,11,3,2364,Y,1,12919,1Fam,1Story,5
110,0,1,0,4,1,858,Y,36,7340,1Fam,1Story,6
153,0,1,0,5,1,1306,Y,52,8712,1Fam,1Story,7
180,0,2,1,8,3,1509,Y,3,7875,1Fam,2Story,5
240,0,3,1,7,2,1670,Y,0,14859,1Fam,1Story,5
125.5,0,1,0,6,1,902,Y,40,6173,1Fam,1Story,6
128,0,1,0,6,1,1063,Y,56,9920,1Fam,1Story,5
255,0,3,1,8,2,1636,Y,1,13501,1Fam,1Story,5
250,0,1,1,6,2,2057,Y,70,11500,1Fam,1.5Fin,7
131,0,2,0,5,1,902,Y,23,8885,1Fam,1Story,5
174,0,2,1,8,3,1484,Y,4,12589,1Fam,2Story,5
154.3,0,2,0,12,2,2274,Y,50,11600,Duplex,2Story,5
143.5,0,1,0,5,2,1268,Y,32,9286,1Fam,1Story,7
88,0,1,0,6,1,1015,N,81,6120,1Fam,1Story,7
145,0,3,0,8,2,2002,N,58,6270,Duplex,2Story,6
173.733,0,2,0,4,3,1224,Y,0,3000,TwnhsE,2Story,5
75,0,1,0,6,2,1092,Y,37,2001,Twnhs,2Story,5
135,0,1,0,6,1,1229,Y,53,17140,1Fam,1Story,6
238,0,3,1,8,3,2127,Y,16,13125,1Fam,2Story,5
176.5,0,2,1,6,1,1414,Y,50,11029,1Fam,1Story,8
201,0,2,0,7,3,1721,Y,13,8462,1Fam,2Story,5
145.9,0,0,0,9,4,2200,Y,108,8777,Duplex,1.5Fin,7
193,0,2,1,5,2,1617,Y,15,8012,TwnhsE,1Story,5
207.5,0,2,1,7,2,1686,Y,26,10240,1Fam,1Story,6
285,0,3,1,10,3,2374,Y,4,11999,1Fam,2Story,5
176,0,2,1,9,3,1978,Y,40,9900,1Fam,2Story,5
236.5,0,2,1,7,2,1788,Y,8,11838,1Fam,1Story,5
222,0,2,1,8,3,2236,Y,9,13006,1Fam,2Story,5
201,0,3,0,7,2,1466,Y,2,8925,1Fam,1Story,5
117.5,0,1,0,5,1,925,Y,44,9100,1Fam,1Story,6
320,0,3,1,8,2,1905,Y,1,11670,1Fam,1Story,5
190,0,2,0,6,2,1500,Y,5,8487,1Fam,1Story,5
242,0,2,1,9,2,2069,Y,48,27650,1Fam,1Story,7
79.9,0,2,0,5,1,747,Y,80,5825,1Fam,1Story,5
184.9,0,2,0,5,2,1200,Y,6,10083,1Fam,1Story,5
253,0,2,1,8,3,1971,Y,4,9675,1Fam,2Story,5
239.799,0,3,0,7,3,1962,Y,0,8760,1Fam,2Story,5
244.4,0,1,2,10,2,2403,Y,70,24090,1Fam,2Story,7
143,0,2,0,8,2,1632,Y,40,25000,Duplex,1Story,4
137.5,0,2,1,7,1,1344,Y,51,14375,1Fam,SLvl,6
143,0,1,1,6,1,1144,Y,47,8163,1Fam,SLvl,6
270,0,3,1,9,2,1629,Y,5,14536,1Fam,1Story,5
192.5,0,2,1,7,3,1776,Y,4,14006,1Fam,2Story,5
129,0,2,0,5,1,864,Y,57,7200,1Fam,1Story,8
119.9,0,1,0,6,1,965,Y,41,7800,1Fam,1Story,5
133.9,0,1,0,5,1,768,Y,37,7200,1Fam,SFoyer,8
127.5,0,0,0,4,2,980,Y,31,9400,Duplex,SFoyer,5
145,0,2,0,8,2,1958,N,61,7136,Duplex,2Story,6
124,0,2,1,5,2,1229,Y,29,1300,TwnhsE,2Story,6
132,0,2,0,6,1,1057,Y,45,7420,1Fam,1Story,5
185,0,2,0,6,2,1337,Y,4,8450,1Fam,1Story,5
155,0,2,0,6,3,1416,Y,11,2572,Twnhs,2Story,5
116.5,0,0,0,4,1,858,Y,52,7207,1Fam,1Story,7
155,0,2,1,7,3,1548,Y,31,2308,TwnhsE,2Story,6
239,0,2,0,7,2,1800,Y,2,11923,1Fam,1Story,5
214.9,0,2,1,8,3,1894,Y,8,11316,1Fam,2Story,5
178.9,0,2,1,8,3,1484,Y,2,10237,1Fam,2Story,5
135,0,1,0,6,1,1098,Y,53,7390,1Fam,1Story,7
140,0,1,0,6,1,1095,Y,48,10382,2fmCon,SLvl,5
135,0,0,0,6,2,1192,N,57,10800,1Fam,1.5Fin,4
173,0,2,0,6,2,1626,Y,6,2268,Twnhs,2Story,5
99.5,0,1,1,5,2,918,Y,31,7892,TwnhsE,1Story,5
182,0,2,0,6,2,1428,Y,1,11639,1Fam,1Story,5
165,0,2,0,6,3,1382,Y,6,2651,Twnhs,2Story,5
85.5,0,0,0,4,1,869,Y,83,5900,1Fam,1Story,7
199.9,0,2,0,4,2,1241,Y,1,4274,TwnhsE,1Story,5
139,0,2,0,5,1,1121,Y,46,8816,1Fam,1Story,6
178.4,0,2,0,6,1,999,Y,47,12122,1Fam,SFoyer,9
159.895,0,2,1,6,2,1266,Y,1,3182,1Fam,1Story,5
255.9,0,2,1,9,3,2290,Y,6,11250,1Fam,2Story,5
126,0,2,0,8,2,1734,Y,32,10125,Duplex,1.5Fin,5
125,0,1,0,5,1,1164,N,58,10880,2fmCon,1Story,5
117,0,1,0,5,1,1635,Y,96,5310,1Fam,1.5Fin,8
395.192,0,3,1,8,3,1940,Y,1,10159,1Fam,1Story,5
195,0,2,1,8,3,2030,Y,31,12046,1Fam,2Story,6
197,0,2,0,6,3,1576,Y,0,8125,1Fam,2Story,5
348,0,3,1,7,3,2392,Y,9,9452,1Fam,2Story,5
168,0,2,1,8,2,1742,Y,127,17671,1Fam,2Story,9
187,0,2,1,7,3,1851,Y,43,9760,1Fam,2Story,8
173.9,0,2,0,6,3,1500,Y,1,8846,1Fam,2Story,5
337.5,0,3,1,7,2,1718,Y,3,12456,1Fam,1Story,5
121.6,0,1,0,5,2,1230,Y,60,4712,1Fam,1.5Fin,7
91,0,1,1,6,1,1077,N,84,9786,1Fam,1Story,4
206,0,2,0,6,2,1208,Y,4,6762,1Fam,1Story,5
86,0,1,0,4,1,691,Y,87,5400,1Fam,1Story,6
232,0,3,1,7,2,1574,Y,2,11957,1Fam,1Story,5
136.905,0,2,0,8,2,1680,Y,31,11500,Duplex,1Story,6
181,0,2,1,7,2,1504,Y,4,3182,TwnhsE,1Story,5
149.9,0,1,0,6,2,985,Y,31,8385,1Fam,SLvl,8
163.5,0,2,1,7,2,1657,Y,37,12155,1Fam,1Story,3
88,0,1,0,6,2,1092,Y,39,2217,TwnhsE,2Story,4
102,0,0,0,7,2,1522,Y,80,6000,1Fam,1.5Fin,5
135,0,1,1,7,2,1271,Y,60,21286,1Fam,1.5Fin,5
119.2,0,1,1,5,1,1082,Y,59,11664,1Fam,1Story,5
227,0,2,0,6,3,1665,Y,8,8400,1Fam,2Story,6
203,0,2,1,6,2,1504,Y,13,11883,1Fam,1Story,5
187.5,0,2,1,4,1,1360,Y,25,5814,TwnhsE,1Story,5
160,0,2,1,7,3,1472,Y,16,10784,1Fam,SLvl,5
213.49,0,2,1,6,2,1506,Y,1,3013,TwnhsE,1Story,5
176,0,2,0,5,2,1132,Y,3,7024,1Fam,1Story,5
194,0,2,0,6,2,1220,Y,0,7406,1Fam,1Story,5
87,0,1,0,6,1,1248,Y,77,9439,1Fam,1.5Fin,5
191,0,2,1,7,2,1504,Y,3,3182,TwnhsE,1Story,5
112.5,0,2,0,5,1,882,Y,35,7700,1Fam,1Story,5
167.5,0,2,2,6,1,1264,Y,50,9300,1Fam,1Story,5
105,0,1,1,6,1,1376,Y,66,9492,1Fam,1.5Fin,5
118,0,1,0,7,2,1218,Y,34,1680,Twnhs,2Story,7
310,0,3,1,10,3,2520,Y,13,14541,1Fam,2Story,7
119.75,0,1,1,5,1,954,Y,69,6305,1Fam,1Story,7
84,0,1,0,5,1,845,N,52,11500,1Fam,1Story,3
315.5,0,3,1,6,2,1620,Y,2,12898,1Fam,1Story,5
287,0,2,1,7,3,2263,Y,7,9240,1Fam,2Story,5
97,0,0,1,6,2,1344,Y,39,1533,Twnhs,2Story,6
80,0,1,0,3,1,630,Y,39,1477,TwnhsE,SFoyer,4
155,0,2,1,8,2,1803,Y,49,13125,1Fam,1Story,4
173,0,2,0,7,2,1632,Y,42,9130,1Fam,2Story,8
196,0,2,1,5,2,1306,Y,4,5381,Twnhs,1Story,5
262.28,0,2,1,10,3,2329,Y,18,11839,1Fam,2Story,5
278,0,2,1,9,3,2524,Y,28,9600,1Fam,1Story,5
139.6,0,2,1,8,2,1733,Y,54,13680,1Fam,1Story,5
556.581,0,3,1,11,4,2868,Y,1,16056,1Fam,2Story,5
145,0,2,0,5,1,990,Y,14,9245,1Fam,1Story,5
176.485,0,2,0,6,2,1302,Y,0,8993,1Fam,1Story,5
200.141,0,2,1,6,2,1316,Y,0,11175,1Fam,1Story,5
165,0,2,1,9,2,1977,Y,43,9500,1Fam,2Story,6
144.5,0,1,1,7,1,1526,Y,53,8562,1Fam,1Story,6
255,0,2,1,7,3,1989,Y,4,11367,1Fam,2Story,5
180,0,2,1,7,2,1523,Y,32,11361,1Fam,1Story,5
185.85,0,2,1,6,2,1364,Y,1,7052,TwnhsE,1Story,5
248,0,2,1,7,3,1850,Y,15,29959,1Fam,2Story,6
220,0,2,1,7,2,1991,Y,75,11275,1Fam,1.5Fin,7
81,0,3,0,6,1,894,Y,73,18000,1Fam,1Story,4
154,0,2,1,6,2,1154,Y,43,11000,1Fam,1Story,6
328,0,2,0,7,3,2260,Y,14,14000,1Fam,2Story,5
167.9,0,2,0,7,2,1611,Y,44,9760,1Fam,2Story,6
151.4,0,2,1,10,3,2521,Y,33,3964,TwnhsE,2Story,4
135,0,2,0,4,1,893,Y,58,9600,1Fam,1.5Unf,7
135,0,1,0,6,1,1048,Y,51,10152,1Fam,1Story,5
154,0,2,0,8,2,1556,Y,41,11700,1Fam,2Story,6
91.5,0,1,1,7,1,1456,Y,58,7585,1Fam,1.5Fin,3
159.5,0,2,0,6,2,1426,Y,32,7950,1Fam,2Story,6
194,0,3,0,5,2,1240,Y,1,8556,1Fam,1Story,5
170,0,2,1,7,2,1466,Y,70,10800,1Fam,1.5Fin,8
126,0,1,0,5,1,990,Y,13,8775,1Fam,1Story,5
133,0,1,0,5,2,1040,Y,47,7500,1Fam,1Story,5
192,0,2,1,6,2,1459,Y,5,8749,1Fam,1Story,5
160,0,1,2,6,1,1251,Y,42,8800,1Fam,1Story,6
187.5,0,2,1,6,3,1498,Y,11,13031,1Fam,2Story,5
147,0,2,0,5,1,996,Y,18,9069,1Fam,SFoyer,6
83.5,0,1,0,6,2,1092,Y,37,1974,TwnhsE,2Story,5
252,0,3,1,9,3,1953,Y,4,10574,1Fam,2Story,5
137.5,0,2,0,7,2,1709,Y,2,2522,Twnhs,2Story,5
160,0,2,0,4,3,1252,Y,9,2160,Twnhs,2Story,5
136.5,0,2,1,7,2,1694,Y,83,8400,1Fam,1.5Fin,5
176.432,0,2,1,6,2,1314,Y,1,9317,1Fam,1Story,5
127,0,0,0,7,2,1355,Y,93,6882,1Fam,2Story,7
170,0,2,0,5,2,1088,Y,21,3696,TwnhsE,1Story,5
128,0,1,0,6,1,1324,Y,73,6000,1Fam,1.5Fin,6
157,0,2,1,7,2,1601,Y,31,11880,1Fam,1Story,5
60,0,1,0,3,1,438,N,89,8400,1Fam,1Story,5
119.5,0,1,0,5,1,950,Y,36,9758,1Fam,1Story,5
135,0,1,0,6,1,1134,Y,47,7000,1Fam,1Story,7
106,0,2,0,6,3,1302,Y,37,2016,TwnhsE,2Story,5
325,0,2,2,9,3,2622,Y,16,12256,1Fam,2Story,5
179.9,0,2,1,6,2,1442,Y,17,10357,1Fam,1Story,5
280,0,3,1,7,2,1836,Y,5,11362,1Fam,1Story,5
205,0,2,1,8,3,1964,Y,32,10480,1Fam,2Story,6
129.9,0,1,0,5,1,816,Y,49,7100,1Fam,1Story,7
134.5,0,1,0,6,1,1008,Y,54,8923,1Fam,1Story,7
318,0,3,1,7,2,1734,Y,0,12085,1Fam,1Story,5
184.1,0,2,1,7,3,1419,Y,7,7750,1Fam,SLvl,5
130,0,2,0,5,1,894,Y,41,9764,1Fam,1Story,7
140,0,1,0,6,1,1601,Y,50,13825,1Fam,SLvl,6
133.7,0,1,0,6,1,1040,Y,47,7560,1Fam,1Story,5
212.9,0,3,0,7,2,1552,Y,1,10084,1Fam,1Story,5
112,0,1,0,5,1,960,Y,53,8926,1Fam,1Story,3
118,0,0,0,4,1,698,Y,62,9405,1Fam,1Story,9
163.9,0,2,1,7,3,1482,Y,15,9125,1Fam,SLvl,5
115,0,2,1,5,1,1005,Y,54,10434,1Fam,1Story,5
259,0,3,1,7,2,1530,Y,3,14572,1Fam,1Story,5
215,0,2,1,8,3,1959,Y,3,11796,1Fam,2Story,5
140,0,2,0,4,1,936,Y,27,7200,Duplex,SFoyer,5
93.5,0,0,0,5,1,974,Y,16,10712,1Fam,1Story,5
117.5,0,1,0,8,2,2210,Y,127,9900,1Fam,2Story,4
239.5,0,2,1,8,3,2020,Y,14,9828,1Fam,2Story,5
169,0,2,1,7,3,1600,Y,10,8773,1Fam,2Story,5
102,0,1,1,5,1,986,N,81,6180,1Fam,1Story,5
94,0,0,0,6,1,1020,N,135,6342,1Fam,1.5Fin,8
196,0,2,2,5,2,1567,Y,32,9819,1Fam,1Story,5
144,0,2,1,6,1,1167,Y,87,8731,1Fam,1Story,5
139,0,2,0,4,1,952,Y,57,7350,1Fam,1Story,7
197.5,0,2,1,9,3,1868,Y,33,10304,1Fam,2Story,7
80,0,0,0,5,1,1006,Y,49,9000,1Fam,1Story,3
80,0,1,0,5,1,924,N,69,12180,2fmCon,1.5Fin,4
174.5,0,1,1,7,2,1564,Y,68,12000,1Fam,2Story,7
116.9,0,1,1,5,1,1111,Y,82,5700,1Fam,1.5Fin,7
143,0,2,0,7,1,1482,Y,89,9000,1Fam,2Story,9
124,0,1,1,4,1,932,Y,57,8280,1Fam,1Story,5
149.9,0,2,2,6,2,1466,Y,47,17755,1Fam,1Story,4
230,0,2,1,6,1,1811,Y,50,14115,1Fam,1Story,7
201.8,0,2,2,8,3,1820,Y,43,13700,1Fam,2Story,6
218,0,2,1,6,2,1437,Y,31,10768,1Fam,1Story,8
179.9,0,2,1,6,2,1265,Y,43,9350,1Fam,SLvl,8
230,0,2,1,6,2,1314,Y,2,5001,Twnhs,1Story,5
185,0,2,1,8,3,1876,Y,34,9120,1Fam,2Story,6
146,0,2,1,7,3,1456,Y,32,2280,Twnhs,2Story,5
224,0,2,1,7,1,1640,Y,54,14778,1Fam,1Story,7
108.959,0,2,0,6,2,1258,Y,39,12900,Duplex,SFoyer,4
233.17,0,2,0,7,2,1502,Y,0,9541,1Fam,1Story,5
173,0,2,1,7,3,1671,Y,6,10852,1Fam,2Story,5
625,0,3,1,10,4,3627,Y,11,35760,1Fam,2Story,5
171,576,1,1,6,1,1118,Y,31,9880,1Fam,SLvl,6
163,0,2,1,6,1,1261,Y,50,9120,1Fam,1Story,6
239,0,2,1,9,3,2345,Y,74,16560,1Fam,2Story,8
154.9,0,1,1,7,2,1343,Y,88,7681,1Fam,1.5Fin,6
250,0,2,0,8,3,2514,Y,16,11170,1Fam,2Story,5
392.5,0,2,1,5,2,1652,Y,0,5587,TwnhsE,1Story,5
745,555,3,2,10,4,4476,Y,11,15623,1Fam,2Story,5
120,0,2,1,5,1,1130,Y,86,10800,1Fam,1Story,6
186.7,0,3,2,5,2,1572,Y,44,35133,1Fam,1Story,4
95,0,2,0,7,2,1699,Y,109,10615,2fmCon,2Story,5
262,0,3,1,5,2,1624,Y,12,12461,1Fam,1Story,5
195,0,2,0,7,3,1660,Y,7,8935,1Fam,2Story,5
189,0,2,1,7,3,1804,Y,11,7500,1Fam,2Story,5
168,0,4,1,7,1,1622,Y,46,32463,2fmCon,1Story,4
174,0,2,0,5,3,1441,Y,8,2645,Twnhs,2Story,5
158,0,1,0,7,2,1352,Y,41,9364,1Fam,2Story,7
176,0,2,0,8,3,1456,Y,3,8029,1Fam,2Story,5
219.21,0,3,1,9,3,1863,Y,0,14054,1Fam,2Story,5
144,0,1,1,7,1,1690,Y,90,8850,1Fam,2.5Unf,6
178,0,2,0,6,2,1212,Y,8,9100,1Fam,1Story,5
148,0,2,1,6,2,1382,Y,43,11235,1Fam,1Story,5
197.9,0,2,0,6,3,1779,Y,11,10400,1Fam,2Story,5
213,0,2,1,6,2,1630,Y,9,9750,1Fam,1Story,5
153.5,0,2,0,6,2,1074,Y,31,10140,1Fam,1Story,6
271.9,0,3,1,7,2,2196,Y,19,14684,1Fam,1Story,7
107,0,1,0,5,1,1056,Y,40,8900,1Fam,1Story,4
140,0,2,0,6,1,1283,Y,46,7763,1Fam,1Story,7
290,0,2,1,8,2,1660,Y,0,10182,1Fam,1Story,5
189,0,2,1,8,3,1845,Y,18,11218,1Fam,2Story,5
164,0,2,0,8,2,1752,Y,22,12134,1Fam,1.5Fin,7
113,0,1,0,4,1,672,Y,68,9340,1Fam,1Story,6
145,0,1,0,3,0,960,Y,41,10246,1Fam,SLvl,9
134.5,0,1,0,6,1,999,Y,44,10205,1Fam,SFoyer,5
112,0,2,0,8,2,1902,Y,32,8930,Duplex,1.5Fin,5
229.456,0,2,0,6,2,1314,Y,0,8640,1Fam,1Story,5
80.5,0,0,0,3,1,912,N,59,6240,1Fam,1.5Fin,5
91.5,0,0,0,7,2,1218,Y,35,1680,Twnhs,2Story,5
115,0,1,0,5,1,912,Y,42,7800,1Fam,1Story,5
143,0,1,1,7,2,1846,Y,58,10496,1Fam,1.5Fin,6
137.9,0,2,0,7,2,2136,N,55,10680,1Fam,1Story,3
184,0,2,1,8,3,1490,Y,4,15384,1Fam,2Story,5
214,0,3,1,9,3,1933,Y,1,14598,1Fam,2Story,5
147,0,2,0,5,1,912,Y,43,8872,1Fam,1Story,8
367.294,0,3,1,7,2,1702,Y,0,8769,TwnhsE,1Story,5
127,0,1,0,7,2,1507,Y,48,7910,1Fam,SLvl,5
132.5,0,2,0,6,1,1190,Y,44,7728,Duplex,SLvl,6
142,0,2,0,6,1,1188,Y,51,12160,1Fam,1Story,5
130,0,0,0,7,2,1964,N,97,8525,1Fam,2Story,6
138.887,0,1,0,9,2,1784,Y,92,13132,1Fam,2Story,5
175.5,0,2,0,6,3,1626,Y,7,2628,Twnhs,2Story,5
195,0,2,1,8,3,1948,Y,2,12393,1Fam,2Story,5
142.5,0,2,0,6,2,1141,Y,1,13072,1Fam,1Story,5
224.9,0,2,0,8,3,1768,Y,5,8158,1Fam,2Story,5
248.328,0,3,0,7,2,1689,Y,0,9849,1Fam,1Story,6
170,0,2,2,6,2,1173,Y,36,10625,1Fam,SFoyer,6
465,0,3,1,7,3,2076,Y,0,13891,1Fam,1Story,5
169.9,0,3,0,6,1,1034,Y,34,12328,1Fam,SLvl,5
129.5,0,2,1,8,2,2058,N,91,9600,1Fam,2.5Unf,5
119,0,1,0,6,1,988,Y,57,7200,1Fam,1Story,7
244,0,2,2,8,3,2110,Y,42,11160,1Fam,1Story,5
130,0,1,0,5,1,874,Y,41,9858,1Fam,1Story,6
294,0,2,2,9,3,2167,Y,33,17542,1Fam,2Story,7
165.4,0,2,1,7,3,1656,Y,5,6931,1Fam,2Story,5
127.5,0,1,1,6,1,1367,Y,76,6240,1Fam,1.5Fin,6
301.5,0,2,1,7,2,1987,Y,14,14303,1Fam,1Story,5
190,0,2,0,5,2,1166,Y,3,9587,1Fam,SLvl,5
151,0,2,0,6,2,1054,Y,39,9750,1Fam,1Story,8
181,0,2,1,7,3,1675,Y,10,24682,1Fam,2Story,5
128.9,0,1,0,5,1,1050,Y,53,9600,1Fam,1Story,6
161.5,0,1,2,8,1,1788,Y,52,11250,1Fam,1.5Fin,5
180.5,0,2,1,8,1,1824,Y,88,13515,1Fam,2Story,6
181,0,2,0,5,2,1337,Y,10,4060,TwnhsE,1Story,5
183.9,0,2,0,6,3,1452,Y,7,3735,TwnhsE,2Story,5
122,0,1,1,9,2,1889,N,97,10120,2fmCon,2.5Unf,4
378.5,0,3,1,10,2,2018,Y,2,13214,1Fam,1Story,5
381,0,3,2,11,4,3447,Y,73,14100,1Fam,1.5Fin,9
144,0,1,0,7,2,1524,Y,49,11344,1Fam,1.5Fin,5
185.75,0,2,1,7,2,1489,Y,41,9156,1Fam,1Story,7
137,0,1,0,5,1,935,Y,41,13526,1Fam,1Story,6
177,0,1,1,5,1,1357,Y,49,11512,1Fam,SLvl,7
137,0,2,0,10,2,1920,Y,59,11345,Duplex,2Story,5
162,0,2,1,6,2,1395,Y,37,12936,1Fam,2Story,6
197.9,0,2,1,7,2,1724,Y,42,17871,1Fam,SLvl,5
237,0,2,1,7,3,2031,Y,6,9473,1Fam,2Story,5
227,0,2,0,6,2,1573,Y,7,9808,1Fam,1Story,5
180,0,2,1,6,2,1339,Y,16,8049,1Fam,1Story,5
150.5,0,2,0,5,2,1040,Y,32,8800,1Fam,1Story,7
139,0,0,0,8,4,1824,Y,39,9400,Duplex,2Story,5
169,0,1,1,10,2,2447,Y,91,9638,1Fam,1.5Fin,7
143,0,2,2,6,2,1328,Y,47,9790,1Fam,1Story,5
278,0,2,1,5,2,1659,Y,9,5664,TwnhsE,1Story,5
281,0,3,1,8,3,1970,Y,0,11065,1Fam,2Story,5
180.5,0,2,1,6,1,1152,Y,46,14112,1Fam,SLvl,7
107.5,0,1,0,11,2,2372,N,117,6600,1Fam,2Story,4
115,0,2,0,5,1,864,Y,51,8172,1Fam,1Story,7
138.5,0,1,0,5,2,1052,Y,38,8400,1Fam,1Story,5
155,0,2,0,6,2,1128,Y,45,8700,1Fam,1Story,6
140,0,2,0,5,2,1072,Y,1,3675,TwnhsE,SFoyer,5
154,0,1,0,6,2,1246,Y,51,7500,1Fam,1Story,7
290,0,3,1,8,3,2526,Y,12,10120,1Fam,2Story,5
232,0,3,0,7,2,1616,Y,1,8688,1Fam,1Story,5
130,0,2,0,7,2,1708,Y,2,3363,TwnhsE,2Story,5
325,0,2,2,6,2,1652,Y,3,13173,1Fam,1Story,5
202.5,0,2,1,6,2,1368,Y,1,6955,TwnhsE,1Story,5
138,0,2,0,5,1,990,Y,15,8072,1Fam,1Story,5
147,0,2,0,6,1,1122,Y,60,12000,1Fam,1Story,7
179.2,0,2,0,6,2,1294,Y,17,7153,1Fam,1Story,5
335,0,2,2,7,2,1902,Y,51,17500,1Fam,1Story,8
302,0,2,1,9,3,2810,Y,17,9572,1Fam,2Story,5
333.168,0,3,1,10,3,2599,Y,11,14774,1Fam,2Story,5
119,0,1,1,5,1,948,Y,53,8190,1Fam,1Story,6
206.9,0,2,2,9,3,2112,Y,39,11075,1Fam,2Story,5
295.493,0,3,1,8,2,1630,Y,1,10226,1Fam,1Story,5
111,0,1,0,5,1,948,Y,53,10215,1Fam,1Story,5
156.5,0,2,2,6,2,1478,Y,52,8400,1Fam,1Story,3
72.5,0,1,0,4,1,720,N,59,6627,1Fam,1Story,6
190,0,2,1,8,3,1923,Y,18,10186,1Fam,2Story,5
82.5,0,0,0,5,1,708,Y,69,5330,1Fam,1Story,7
147,0,3,1,7,2,1795,Y,1,9986,1Fam,1Story,5
55,0,0,0,5,1,796,N,86,3636,1Fam,1Story,4
130.5,0,1,1,5,1,816,Y,26,6600,1Fam,1Story,9
256,0,2,2,8,2,2792,Y,88,10440,1Fam,1.5Fin,7
176.5,0,2,1,8,3,1632,Y,8,9084,1Fam,2Story,5
227,0,3,1,7,2,1588,Y,1,10000,1Fam,1Story,5
100,0,1,1,3,1,816,Y,71,8877,1Fam,1Story,6
125.5,0,1,0,6,2,1360,Y,68,7200,1Fam,1.5Fin,6
125,0,2,0,7,2,1365,Y,39,2368,TwnhsE,2Story,6
167.9,0,2,1,6,2,1334,Y,32,9650,1Fam,1Story,5
135,0,2,0,8,2,1656,Y,35,9246,Duplex,1Story,5
52.5,0,0,0,4,1,693,N,65,4118,1Fam,1Story,4
128.5,0,1,0,5,1,864,Y,34,9560,1Fam,1Story,7
123,0,4,0,5,1,872,Y,36,8294,1Fam,1Story,5
155,0,2,0,6,1,1114,Y,5,13695,1Fam,1Story,5
228.5,0,2,1,7,3,2169,Y,5,9375,1Fam,2Story,5
177,0,2,1,9,2,1913,Y,81,7558,1Fam,1.5Fin,6
155.835,0,2,1,8,3,1456,Y,1,11103,1Fam,2Story,5
108.5,0,1,0,5,1,960,Y,87,6000,1Fam,1Story,4
262.5,0,2,1,9,2,2156,Y,38,20781,1Fam,1Story,7
283.463,0,3,1,7,2,1776,Y,1,15306,1Fam,1Story,5
215,0,2,1,5,2,1494,Y,9,16196,1Fam,1Story,5
200,0,4,0,12,4,2634,Y,40,11643,Duplex,2Story,5
235,0,3,1,7,3,1865,Y,8,10316,1Fam,2Story,5
170,0,2,1,8,3,1920,Y,38,10192,1Fam,SLvl,6
110,0,1,0,5,1,892,Y,42,9477,1Fam,1Story,5
149.9,0,2,1,6,2,1078,Y,39,12537,1Fam,1Story,6
315,0,3,1,8,2,1980,Y,2,16737,1Fam,1Story,5
260,0,2,1,7,2,1530,Y,4,16158,1Fam,1Story,5
156.932,0,2,1,6,3,1412,Y,1,8499,1Fam,2Story,5
144.152,0,2,0,4,3,1200,Y,1,3180,TwnhsE,2Story,5
193,0,2,0,7,3,1790,Y,9,9179,1Fam,2Story,5
127,0,1,1,6,2,1475,Y,29,2665,TwnhsE,2Story,6
144,0,2,0,4,1,848,Y,6,4435,TwnhsE,1Story,5
232,0,2,1,8,2,1668,Y,7,10635,1Fam,1Story,5
105,0,1,0,6,1,1374,Y,89,5400,1Fam,1.5Fin,6
165.5,0,1,1,8,1,1661,Y,53,9600,1Fam,SLvl,6
274.3,0,2,1,8,3,2097,Y,8,9750,1Fam,2Story,6
250,0,3,1,9,3,1958,Y,3,10625,1Fam,2Story,5
239,0,3,1,7,2,1571,Y,0,10991,1Fam,1Story,5
91,0,1,0,4,1,790,N,78,6292,1Fam,1Story,5
117,0,2,0,6,2,1604,Y,68,10998,1Fam,1.5Fin,5
83,0,1,0,5,2,987,Y,33,1953,Twnhs,2Story,5
167.5,0,2,0,7,3,1394,Y,2,9735,1Fam,SLvl,5
58.5,0,1,0,5,1,864,N,96,8212,1Fam,1Story,3
237.5,0,2,2,7,3,2117,Y,38,12925,1Fam,1Story,7
157,0,2,0,8,2,1762,Y,86,7200,1Fam,2Story,7
105,0,1,0,6,1,1258,Y,70,9060,1Fam,1.5Fin,5
125.5,0,1,0,7,1,1154,Y,88,5436,1Fam,1.5Fin,8
250,519,2,2,12,4,2784,Y,28,16692,1Fam,2Story,5
136,0,1,1,10,2,2526,N,91,8520,1Fam,1.5Fin,7
377.5,0,3,2,7,2,1746,Y,3,14892,1Fam,1Story,5
131,0,2,1,6,1,1218,Y,66,6000,1Fam,1.5Fin,6
235,0,2,0,6,2,1525,Y,6,9100,1Fam,1Story,5
124,0,3,0,8,2,1584,Y,42,8944,Duplex,1Story,5
123,0,1,1,6,1,900,Y,39,7838,1Fam,SFoyer,5
163,0,2,1,7,2,1912,N,103,10800,2fmCon,1.5Fin,7
246.578,0,3,1,6,2,1500,Y,0,4045,TwnhsE,1Story,5
281.213,0,3,1,9,3,2482,Y,2,12665,1Fam,2Story,5
160,0,2,2,7,1,1687,Y,62,57200,1Fam,1Story,5
137.5,0,1,0,8,2,1513,Y,87,6120,1Fam,2Story,8
138,0,1,0,7,2,1904,Y,59,7200,1Fam,1.5Fin,4
137.45,0,1,1,7,3,1608,Y,84,6171,1Fam,1.5Fin,6
120,0,1,1,5,1,1158,Y,79,6000,1Fam,1.5Fin,7
193.879,0,2,1,6,2,1294,Y,0,6762,1Fam,1Story,5
282.922,0,3,0,6,2,1464,Y,0,15256,1Fam,1Story,5
105,0,3,0,6,1,1214,Y,91,10410,1Fam,1.5Fin,4
133,0,2,0,5,1,768,Y,37,8445,1Fam,SFoyer,7
112,0,0,0,5,1,833,Y,24,8780,1Fam,1Story,5
125.5,0,2,0,6,1,1363,Y,100,7740,1Fam,2Story,7
90,0,2,0,6,2,1040,N,60,7200,Duplex,1Story,5
257,0,2,1,7,2,1844,Y,4,10994,1Fam,1Story,5
207,0,2,1,8,2,1848,Y,85,13053,1Fam,1.5Fin,7
175.9,0,3,1,7,2,1569,Y,2,3635,TwnhsE,1Story,5
122.5,0,2,0,11,2,2290,Y,125,11340,2fmCon,2Story,6
124,0,1,0,6,2,1144,Y,45,9204,1Fam,1Story,5
223,0,2,1,7,2,1844,Y,37,16381,1Fam,1Story,5
179.9,0,2,1,7,3,1416,Y,38,11700,1Fam,2Story,6
127.5,0,2,1,4,2,1069,Y,33,4043,TwnhsE,1Story,5
136.5,0,2,0,3,1,848,Y,5,4435,TwnhsE,1Story,5
274.97,738,2,1,8,2,2201,Y,40,19690,1Fam,SLvl,7
144,0,1,1,6,1,1344,Y,49,9503,1Fam,1Story,5
142,0,2,0,7,1,1252,Y,49,10721,1Fam,1Story,6
140,0,1,1,6,2,1558,Y,63,10930,1Fam,1.5Fin,6
182.9,0,2,1,7,2,1440,Y,26,12546,1Fam,1Story,7
143.75,0,2,0,5,2,958,Y,33,4928,TwnhsE,1Story,6
64.5,0,1,0,5,2,968,Y,80,10800,1Fam,1Story,6
186.5,0,2,1,8,3,1792,Y,8,10261,1Fam,2Story,5
160,0,2,1,5,2,1126,Y,29,17400,1Fam,1Story,5
174,0,2,1,7,2,1537,Y,46,8400,1Fam,1Story,9
120.5,0,2,0,5,1,864,Y,36,9000,1Fam,1Story,6
394.617,0,3,1,7,2,1932,Y,0,12444,1Fam,1Story,5
149.7,0,2,0,6,1,1236,Y,53,7407,1Fam,1Story,7
197,0,2,1,6,3,1725,Y,28,11584,1Fam,SLvl,6
191,0,2,1,11,2,2555,Y,86,11526,1Fam,2.5Fin,7
149.3,0,2,1,3,1,848,Y,4,4426,TwnhsE,1Story,5
310,0,3,1,10,3,2007,Y,1,11003,1Fam,2Story,5
121,0,1,1,4,1,952,N,93,8854,1Fam,1.5Unf,6
179.6,0,2,0,7,2,1422,Y,3,8500,1Fam,1Story,5
129,0,1,0,6,1,913,Y,41,8400,1Fam,SFoyer,5
157.9,0,1,0,6,1,1188,Y,48,26142,1Fam,1Story,7
92,0,0,0,3,1,630,Y,36,1533,Twnhs,SFoyer,7
136,0,0,0,8,4,1792,Y,35,9000,Duplex,2Story,5
287.09,0,3,1,7,2,1578,Y,1,9262,1Fam,1Story,5
145,0,2,0,5,1,1072,Y,1,3675,TwnhsE,SLvl,5
84.5,0,0,0,6,1,1140,Y,0,17217,1Fam,1Story,5
210,0,2,2,7,2,2073,Y,32,13175,1Fam,1Story,6
266.5,0,1,2,9,2,2340,Y,69,9042,1Fam,2Story,9
142.125,0,1,0,5,1,1078,Y,60,9717,1Fam,1Story,6
